<?xml version="1.0" encoding="utf-8"?>
<ApplicationInstallerManifest>
   <DefaultInstallationDirectory>/Applications/UC_Santa_Cruz/slugheat/</DefaultInstallationDirectory>
   <ApplicationName>slugheat</ApplicationName>
   <ExecutableName>application/slugheat.exe</ExecutableName>
   <GUID>5d92d765-78f1-4065-a8b5-d67eeb65d609</GUID>
   <ApplicationIcon>default_icon_48.png</ApplicationIcon>
   <Logo>default_logo.png</Logo>
   <Version>1.0</Version>
   <AuthorOrganization>UC Santa Cruz</AuthorOrganization>
   <Summary>processing software for heat-flow data</Summary>
   <WelcomePanelText>slugheat 1.0
processing software for heat-flow data

beta version 03/11/2024

Kristin Dickerson
kdickerson97@gmail.com</WelcomePanelText>
   <MCRProducts>
      <MCRProduct>
         <ExternalProductIdentifier>35000</ExternalProductIdentifier>
      </MCRProduct>
      <MCRProduct>
         <ExternalProductIdentifier>35002</ExternalProductIdentifier>
      </MCRProduct>
      <MCRProduct>
         <ExternalProductIdentifier>35003</ExternalProductIdentifier>
      </MCRProduct>
      <MCRProduct>
         <ExternalProductIdentifier>35010</ExternalProductIdentifier>
      </MCRProduct>
      <MCRProduct>
         <ExternalProductIdentifier>35119</ExternalProductIdentifier>
      </MCRProduct>
   </MCRProducts>
</ApplicationInstallerManifest>